akash akash@001 swapnil
swapnil@001 shreyas shreyas@001
azeem azeem@001 ram
ram@01 akash1 123
sita sitaram vikas
vikas001 rohit rohit
daiviknaik 22344 daivik
221106 naikdaivik 22344
sanjana 22344 simrin
22344 jatin 22344
sanji 22344 gouri
12345 jatin 22344
amol 4567 black
pranav 221106 blue
simrin 1234 pink
gouri 1234 black
rohit 321 blue
sami sami@123 black
